Model,MSE,R2
Linear Regression (OLS),934562228.0293154,0.8834354049289104
Ridge (alpha=1.0),934164884.422332,0.8834849641720116
