Model,Precision,Recall,AUC
Logistic Regression (C=1.0),0.939799331103679,0.921311475409836,0.9797794761099119
Logistic Regression (C=0.01),0.956081081081081,0.9278688524590164,0.9885070882678957
