full_model_auc,reduced_model_auc,auc_change
0.9903622892480018,0.9902689458024619,-9.334344553990626e-05
